[run number],number-of-voters,calibration,marginal-pivotality,variance-of-perceived-pivotality,voting-mechanism,[step],mean payoff-sign-list,mean payoff-list,standard-deviation payoff-list,mean vote-sum-list,standard-deviation vote-sum-list,mean mean-median-same-sign-list
1,11,1. prop8-mean>0,0.5,0,1p1v,1000,0.787,1.513758082,3.798377985,-0.346,3.372188556,0.787
2,11,1. prop8-mean>0,0.5,0,QV,1000,1,2.586637838,3.35916031,0.602043859,2.032859573,0.78
3,11,1. prop8-mean>0,0.5,3.00E-04,1p1v,1000,0.759,1.539861597,4.396764478,-0.608,3.249753359,0.759
4,11,1. prop8-mean>0,0.5,3.00E-04,QV,1000,0.985,2.5856307,3.256051682,0.653345283,1.982123154,0.77
5,11,1. prop8-mean>0,0.5,0.001,1p1v,1000,0.805,1.477022438,3.996354399,-0.342,3.34757259,0.805
7,11,1. prop8-mean>0,0.5,0.01,1p1v,1000,0.787,1.648860887,3.655082297,-0.37,3.296356468,0.787
6,11,1. prop8-mean>0,0.5,0.001,QV,1000,0.984,2.436532476,2.971082758,0.509791252,1.864648314,0.772
9,11,1. prop8-mean>0,0.5,0.02,1p1v,1000,0.772,1.44588483,3.852638862,-0.594,3.349385374,0.772
8,11,1. prop8-mean>0,0.5,0.01,QV,1000,0.949,2.581929043,3.23381117,0.630655463,2.028402508,0.777
10,11,1. prop8-mean>0,0.5,0.02,QV,1000,0.92,2.495599233,3.478108454,0.639163587,2.219034559,0.791
11,11,1. prop8-mean>0,0.5,0.03,1p1v,1000,0.778,1.613635742,3.930829581,-0.56,3.332492386,0.778
13,11,1. prop8-mean>0,0.5,0.04,1p1v,1000,0.796,1.612517936,3.65497696,-0.364,3.344052435,0.796
12,11,1. prop8-mean>0,0.5,0.03,QV,1000,0.921,2.528791325,3.734169349,0.598665498,2.173095639,0.772
14,11,1. prop8-mean>0,0.5,0.04,QV,1000,0.898,2.358288003,3.153271126,0.549907314,2.048162516,0.783
15,11,1. prop8-mean>0,0.5,0.05,1p1v,1000,0.787,1.80814377,4.272546473,-0.468,3.235961595,0.787
17,11,1. prop8-mean>0,0.5,0.06,1p1v,1000,0.77,1.575162152,4.072333119,-0.308,3.353264138,0.77
16,11,1. prop8-mean>0,0.5,0.05,QV,1000,0.893,2.605635327,3.821870921,0.718178471,2.40312753,0.782
18,11,1. prop8-mean>0,0.5,0.06,QV,1000,0.887,2.494633122,3.624986466,0.650504746,2.369518297,0.78
19,11,1. prop8-mean>0,0.5,0.07,1p1v,1000,0.796,1.606486622,3.526523443,-0.358,3.372122063,0.796
20,11,1. prop8-mean>0,0.5,0.07,QV,1000,0.885,2.68020593,3.838809958,0.796704171,2.47044034,0.76
21,11,1. prop8-mean>0,0.5,0.08,1p1v,1000,0.781,1.785149827,3.884441249,-0.306,3.282245746,0.781
23,11,1. prop8-mean>0,0.5,0.083,1p1v,1000,0.799,1.623382674,4.123060098,-0.126,3.290433247,0.799
22,11,1. prop8-mean>0,0.5,0.08,QV,1000,0.835,2.406776469,3.769076332,0.687807699,2.321755038,0.765
25,21,1. prop8-mean>0,0.5,0,1p1v,1000,0.738,1.889423853,5.731413705,-1.13,4.474720452,0.738
24,11,1. prop8-mean>0,0.5,0.083,QV,1000,0.853,2.276702021,3.358369795,0.473286102,2.198285415,0.772
26,21,1. prop8-mean>0,0.5,0,QV,1000,1,3.906055213,4.624877494,1.102021993,2.819546025,0.739
27,21,1. prop8-mean>0,0.5,3.00E-04,1p1v,1000,0.733,2.021779272,6.014580757,-0.496,4.629407674,0.733
28,21,1. prop8-mean>0,0.5,3.00E-04,QV,1000,0.99,4.161942316,4.707311042,1.341077236,2.831834931,0.724
29,21,1. prop8-mean>0,0.5,0.001,1p1v,1000,0.744,2.098184189,5.899481796,-1.002,4.702564206,0.744
30,21,1. prop8-mean>0,0.5,0.001,QV,1000,0.983,4.097685665,4.862631999,1.245363721,2.938560463,0.727
31,21,1. prop8-mean>0,0.5,0.01,1p1v,1000,0.753,2.182068144,5.644083225,-0.986,4.52462996,0.753
33,21,1. prop8-mean>0,0.5,0.02,1p1v,1000,0.757,1.966703829,5.711401792,-0.948,4.469594307,0.757
32,21,1. prop8-mean>0,0.5,0.01,QV,1000,0.95,4.104608083,4.663975037,1.164378884,2.900226404,0.724
35,21,1. prop8-mean>0,0.5,0.03,1p1v,1000,0.731,2.03473787,6.002751208,-0.832,4.722083658,0.731
34,21,1. prop8-mean>0,0.5,0.02,QV,1000,0.929,3.896698689,4.618871007,1.046025864,2.898827926,0.728
37,21,1. prop8-mean>0,0.5,0.04,1p1v,1000,0.718,1.767257039,6.094797831,-0.912,4.477980383,0.718
36,21,1. prop8-mean>0,0.5,0.03,QV,1000,0.904,3.818619274,4.968042228,1.21414398,3.092457284,0.702
39,21,1. prop8-mean>0,0.5,0.05,1p1v,1000,0.745,2.121614873,6.056445456,-0.896,4.757711616,0.745
38,21,1. prop8-mean>0,0.5,0.04,QV,1000,0.9,3.852320353,4.558614804,1.177417313,2.91805652,0.734
41,21,1. prop8-mean>0,0.5,0.06,1p1v,1000,0.727,1.813919619,5.708135673,-0.744,4.717278529,0.727
40,21,1. prop8-mean>0,0.5,0.05,QV,1000,0.881,3.639203945,4.881333885,1.03151398,3.115198342,0.738
43,21,1. prop8-mean>0,0.5,0.07,1p1v,1000,0.747,1.963283783,5.691868135,-0.92,4.465595318,0.747
42,21,1. prop8-mean>0,0.5,0.06,QV,1000,0.884,3.679243509,4.429588099,1.122628139,3.007107661,0.759
44,21,1. prop8-mean>0,0.5,0.07,QV,1000,0.865,3.641480152,4.753810471,1.036289554,3.116354287,0.717
45,21,1. prop8-mean>0,0.5,0.08,1p1v,1000,0.716,1.738400166,6.122874982,-0.882,4.595126896,0.716
46,21,1. prop8-mean>0,0.5,0.08,QV,1000,0.863,4.042570688,5.680305222,1.401833843,3.641822143,0.756
47,21,1. prop8-mean>0,0.5,0.083,1p1v,1000,0.726,2.049670599,6.4531704,-0.74,4.636582567,0.726
49,31,1. prop8-mean>0,0.5,0,1p1v,1000,0.687,2.228329263,7.967866317,-1.004,5.543890215,0.687
48,21,1. prop8-mean>0,0.5,0.083,QV,1000,0.862,3.666595638,5.139243535,1.155391505,3.449123899,0.749
50,31,1. prop8-mean>0,0.5,0,QV,1000,1,5.356566472,5.710560158,1.780204844,3.487220127,0.728
51,31,1. prop8-mean>0,0.5,3.00E-04,1p1v,1000,0.688,2.251005995,7.335225421,-1.306,5.581892289,0.688
53,31,1. prop8-mean>0,0.5,0.001,1p1v,1000,0.704,2.284760809,7.302682598,-0.998,5.619570764,0.704
52,31,1. prop8-mean>0,0.5,3.00E-04,QV,1000,0.989,4.911325306,5.277784548,1.417074071,3.314582556,0.708
55,31,1. prop8-mean>0,0.5,0.01,1p1v,1000,0.701,1.94426291,7.922152192,-1.724,5.622404773,0.701
54,31,1. prop8-mean>0,0.5,0.001,QV,1000,0.988,5.077301075,5.693237548,1.57171472,3.482121356,0.679
56,31,1. prop8-mean>0,0.5,0.01,QV,1000,0.946,5.040735335,5.842435317,1.684389807,3.509923784,0.693
57,31,1. prop8-mean>0,0.5,0.02,1p1v,1000,0.709,2.022133145,7.474560026,-1.376,5.721832168,0.709
59,31,1. prop8-mean>0,0.5,0.03,1p1v,1000,0.695,2.586841216,7.915110667,-0.994,5.770724847,0.695
58,31,1. prop8-mean>0,0.5,0.02,QV,1000,0.939,5.447134683,6.015395729,1.859110972,3.836891115,0.697
61,31,1. prop8-mean>0,0.5,0.04,1p1v,1000,0.71,2.581148755,7.089131698,-0.956,5.445338898,0.71
60,31,1. prop8-mean>0,0.5,0.03,QV,1000,0.901,5.132912114,5.760008224,1.605722288,3.618689665,0.7
63,31,1. prop8-mean>0,0.5,0.05,1p1v,1000,0.681,1.783247729,7.411699066,-1.504,5.527434897,0.681
62,31,1. prop8-mean>0,0.5,0.04,QV,1000,0.896,4.80583263,5.876267009,1.592959383,3.679211265,0.678
65,31,1. prop8-mean>0,0.5,0.06,1p1v,1000,0.688,2.302555908,7.431160994,-1.354,5.634041749,0.688
64,31,1. prop8-mean>0,0.5,0.05,QV,1000,0.89,4.840556558,5.579539315,1.703397536,3.643556792,0.686
67,31,1. prop8-mean>0,0.5,0.07,1p1v,1000,0.671,1.753639656,6.962116365,-1.386,5.229373801,0.671
66,31,1. prop8-mean>0,0.5,0.06,QV,1000,0.896,4.698951454,5.761835219,1.681338193,3.756732277,0.707
68,31,1. prop8-mean>0,0.5,0.07,QV,1000,0.86,4.892805372,6.100553019,1.756530899,3.86166151,0.696
69,31,1. prop8-mean>0,0.5,0.08,1p1v,1000,0.728,2.313121367,7.107372886,-1.038,5.447222065,0.728
71,31,1. prop8-mean>0,0.5,0.083,1p1v,1000,0.672,1.947856978,7.612939288,-1.018,5.581651264,0.672
70,31,1. prop8-mean>0,0.5,0.08,QV,1000,0.856,4.769013849,5.999210319,1.616250712,4.008749578,0.715
73,41,1. prop8-mean>0,0.5,0,1p1v,1000,0.648,1.646241392,8.641617127,-1.898,6.246007413,0.648
72,31,1. prop8-mean>0,0.5,0.083,QV,1000,0.875,5.349835828,6.687713714,2.117124367,4.546371238,0.688
74,41,1. prop8-mean>0,0.5,0,QV,1000,1,6.513565936,6.563790421,2.331206773,3.993510203,0.651
75,41,1. prop8-mean>0,0.5,3.00E-04,1p1v,1000,0.648,2.203895567,8.748236568,-1.942,6.414809879,0.648
77,41,1. prop8-mean>0,0.5,0.001,1p1v,1000,0.66,1.915794112,8.928928773,-1.852,6.408991432,0.66
76,41,1. prop8-mean>0,0.5,3.00E-04,QV,1000,0.991,6.344627357,6.756696921,2.222855238,4.070789887,0.678
79,41,1. prop8-mean>0,0.5,0.01,1p1v,1000,0.67,2.477826878,9.421236289,-1.392,6.415566654,0.67
78,41,1. prop8-mean>0,0.5,0.001,QV,1000,0.985,6.323109218,6.702360179,2.298751023,3.978641232,0.668
80,41,1. prop8-mean>0,0.5,0.01,QV,1000,0.957,6.169128289,6.334134945,2.105100991,3.924000853,0.684
81,41,1. prop8-mean>0,0.5,0.02,1p1v,1000,0.661,2.128942584,8.62369851,-1.788,6.26436735,0.661
83,41,1. prop8-mean>0,0.5,0.03,1p1v,1000,0.683,2.693045564,8.415292161,-1.414,6.511759133,0.683
82,41,1. prop8-mean>0,0.5,0.02,QV,1000,0.936,6.247956855,6.456218158,2.199340694,4.063773813,0.662
85,41,1. prop8-mean>0,0.5,0.04,1p1v,1000,0.633,1.825307194,9.066160308,-1.814,6.340157853,0.633
84,41,1. prop8-mean>0,0.5,0.03,QV,1000,0.918,6.170974194,6.923991499,2.159795964,4.218769861,0.671
86,41,1. prop8-mean>0,0.5,0.04,QV,1000,0.912,5.836517676,6.75175847,2.07987052,4.132866132,0.667
87,41,1. prop8-mean>0,0.5,0.05,1p1v,1000,0.649,2.263032086,8.741542985,-1.418,6.450960463,0.649
89,41,1. prop8-mean>0,0.5,0.06,1p1v,1000,0.66,1.988190368,9.216241958,-1.952,6.539760276,0.66
88,41,1. prop8-mean>0,0.5,0.05,QV,1000,0.897,6.40952026,7.294406538,2.388207993,4.595612366,0.666
91,41,1. prop8-mean>0,0.5,0.07,1p1v,1000,0.65,2.098440947,9.187376285,-1.34,6.29825913,0.65
90,41,1. prop8-mean>0,0.5,0.06,QV,1000,0.9,6.065364141,6.946485355,2.287597907,4.334963461,0.664
93,41,1. prop8-mean>0,0.5,0.08,1p1v,1000,0.671,2.212120694,8.889005939,-1.852,6.347470865,0.671
92,41,1. prop8-mean>0,0.5,0.07,QV,1000,0.883,6.149199991,7.385018566,2.404327416,4.897073517,0.679
94,41,1. prop8-mean>0,0.5,0.08,QV,1000,0.852,5.987811329,7.447131058,2.408226223,4.750240331,0.656
95,41,1. prop8-mean>0,0.5,0.083,1p1v,1000,0.678,2.461432379,9.120059423,-1.446,6.653220976,0.678
97,51,1. prop8-mean>0,0.5,0,1p1v,1000,0.619,2.313769778,10.32902771,-2.328,7.024368851,0.619
96,41,1. prop8-mean>0,0.5,0.083,QV,1000,0.871,5.90701927,6.98622739,2.271295043,4.54096844,0.668
98,51,1. prop8-mean>0,0.5,0,QV,1000,1,7.710996451,7.220845375,2.979942286,4.361874978,0.617
99,51,1. prop8-mean>0,0.5,3.00E-04,1p1v,1000,0.638,2.260437447,10.30292839,-2.078,7.136725359,0.638
101,51,1. prop8-mean>0,0.5,0.001,1p1v,1000,0.632,2.071615924,10.29893953,-1.84,7.043863714,0.632
100,51,1. prop8-mean>0,0.5,3.00E-04,QV,1000,0.991,7.823613339,7.738894326,3.035617354,4.596024635,0.617
102,51,1. prop8-mean>0,0.5,0.001,QV,1000,0.987,7.469888208,7.167138623,2.92033358,4.268390272,0.623
103,51,1. prop8-mean>0,0.5,0.01,1p1v,1000,0.615,2.26102784,10.491171,-2.07,7.03338955,0.615
105,51,1. prop8-mean>0,0.5,0.02,1p1v,1000,0.634,2.156848804,10.08522471,-1.97,7.381435198,0.634
104,51,1. prop8-mean>0,0.5,0.01,QV,1000,0.951,7.462657894,7.683951088,2.884541114,4.574223799,0.625
107,51,1. prop8-mean>0,0.5,0.03,1p1v,1000,0.602,1.680620314,10.31526043,-2.302,6.947594193,0.602
106,51,1. prop8-mean>0,0.5,0.02,QV,1000,0.941,7.257490415,7.340260353,2.817005911,4.502416692,0.645
109,51,1. prop8-mean>0,0.5,0.04,1p1v,1000,0.649,2.573814884,10.11438933,-1.736,7.234268355,0.649
108,51,1. prop8-mean>0,0.5,0.03,QV,1000,0.934,7.702145127,7.759577185,3.048621494,4.92968851,0.647
110,51,1. prop8-mean>0,0.5,0.04,QV,1000,0.906,7.225984981,7.717911562,2.847997334,4.769875411,0.644
111,51,1. prop8-mean>0,0.5,0.05,1p1v,1000,0.632,1.926957461,10.24111986,-2.308,6.958847718,0.632
113,51,1. prop8-mean>0,0.5,0.06,1p1v,1000,0.627,1.992144678,10.21094342,-2.29,7.230503453,0.627
112,51,1. prop8-mean>0,0.5,0.05,QV,1000,0.905,7.483007049,7.705991383,2.925707594,4.956115916,0.608
115,51,1. prop8-mean>0,0.5,0.07,1p1v,1000,0.635,2.06265383,10.00603223,-1.804,7.374548662,0.635
114,51,1. prop8-mean>0,0.5,0.06,QV,1000,0.903,7.168238347,7.939526697,2.611820987,4.855446493,0.626
117,51,1. prop8-mean>0,0.5,0.08,1p1v,1000,0.588,1.47949463,10.24034038,-2.43,6.847334225,0.588
116,51,1. prop8-mean>0,0.5,0.07,QV,1000,0.871,7.041435339,8.41335155,2.889429494,5.294791107,0.628
119,51,1. prop8-mean>0,0.5,0.083,1p1v,1000,0.619,2.245306546,9.826065738,-1.896,7.191724752,0.619
118,51,1. prop8-mean>0,0.5,0.08,QV,1000,0.885,7.18444498,7.805916313,2.792223513,5.017488671,0.609
120,51,1. prop8-mean>0,0.5,0.083,QV,1000,0.865,6.603537948,7.979833526,2.662166489,5.195861724,0.6
121,61,1. prop8-mean>0,0.5,0,1p1v,1000,0.599,2.429764232,11.68764164,-2.434,7.74852784,0.599
122,61,1. prop8-mean>0,0.5,0,QV,1000,1,8.392202361,7.967317282,3.299761483,4.753430445,0.592
123,61,1. prop8-mean>0,0.5,3.00E-04,1p1v,1000,0.605,2.044260731,11.58538478,-2.456,8.099485519,0.605
125,61,1. prop8-mean>0,0.5,0.001,1p1v,1000,0.608,2.337815134,11.65643957,-2.508,7.89051305,0.608
124,61,1. prop8-mean>0,0.5,3.00E-04,QV,1000,0.991,9.110886434,8.873471389,3.651629914,5.217341589,0.618
127,61,1. prop8-mean>0,0.5,0.01,1p1v,1000,0.623,2.505757841,11.96837376,-2.052,7.999830829,0.623
126,61,1. prop8-mean>0,0.5,0.001,QV,1000,0.985,8.607689423,8.476727858,3.39135056,5.017162525,0.606
128,61,1. prop8-mean>0,0.5,0.01,QV,1000,0.952,8.156680785,7.86488037,3.255079362,4.705271729,0.624
129,61,1. prop8-mean>0,0.5,0.02,1p1v,1000,0.626,1.992954618,11.32789598,-2.568,7.570911087,0.626
131,61,1. prop8-mean>0,0.5,0.03,1p1v,1000,0.594,1.859525422,11.4256521,-2.284,7.710434151,0.594
130,61,1. prop8-mean>0,0.5,0.02,QV,1000,0.941,8.460837453,8.351182682,3.524631476,5.094528426,0.613
133,61,1. prop8-mean>0,0.5,0.04,1p1v,1000,0.589,2.167524723,11.6241472,-2.678,7.834902788,0.589
132,61,1. prop8-mean>0,0.5,0.03,QV,1000,0.912,8.282529558,8.365839204,3.316803803,5.184492114,0.595
135,61,1. prop8-mean>0,0.5,0.05,1p1v,1000,0.59,1.653627041,11.51849847,-2.762,7.81898283,0.59
134,61,1. prop8-mean>0,0.5,0.04,QV,1000,0.93,8.297023911,8.259903333,3.304711234,5.147844511,0.61
137,61,1. prop8-mean>0,0.5,0.06,1p1v,1000,0.598,2.252980984,11.94750065,-2.384,7.762009585,0.598
136,61,1. prop8-mean>0,0.5,0.05,QV,1000,0.921,8.269561895,8.393015984,3.243806247,5.442517869,0.618
139,61,1. prop8-mean>0,0.5,0.07,1p1v,1000,0.601,1.954987235,11.78132713,-2.702,7.691446831,0.601
138,61,1. prop8-mean>0,0.5,0.06,QV,1000,0.898,8.515539919,9.083788635,3.604666634,5.564951569,0.617
140,61,1. prop8-mean>0,0.5,0.07,QV,1000,0.866,7.598811228,8.539964732,3.160749825,5.40149947,0.593
141,61,1. prop8-mean>0,0.5,0.08,1p1v,1000,0.594,1.593302052,11.81026953,-2.37,7.756498131,0.594
143,61,1. prop8-mean>0,0.5,0.083,1p1v,1000,0.597,1.856296141,11.71768312,-2.318,7.748478232,0.597
142,61,1. prop8-mean>0,0.5,0.08,QV,1000,0.901,8.161164861,8.693246116,3.498805217,5.584041992,0.6
145,71,1. prop8-mean>0,0.5,0,1p1v,1000,0.594,2.541003185,13.46527926,-2.542,8.66101895,0.594
144,61,1. prop8-mean>0,0.5,0.083,QV,1000,0.865,7.985962255,8.52129732,3.553201032,5.413952581,0.619
146,71,1. prop8-mean>0,0.5,0,QV,1000,1,9.734760654,8.79157905,3.950870035,5.235749504,0.574
147,71,1. prop8-mean>0,0.5,3.00E-04,1p1v,1000,0.582,2.097537084,13.09225717,-2.502,8.289312921,0.582
148,71,1. prop8-mean>0,0.5,3.00E-04,QV,1000,0.996,9.059082377,8.8002647,3.698218043,5.113742804,0.582
149,71,1. prop8-mean>0,0.5,0.001,1p1v,1000,0.577,1.499170033,12.4077565,-2.63,8.169077906,0.577
151,71,1. prop8-mean>0,0.5,0.01,1p1v,1000,0.61,2.331767001,12.70599298,-2.256,8.769228208,0.61
150,71,1. prop8-mean>0,0.5,0.001,QV,1000,0.988,9.639997062,9.224533872,3.983017224,5.331660636,0.583
153,71,1. prop8-mean>0,0.5,0.02,1p1v,1000,0.595,2.341451462,12.33027519,-2.73,8.260225864,0.595
152,71,1. prop8-mean>0,0.5,0.01,QV,1000,0.962,9.6909399,9.64837217,4.012725073,5.621274588,0.586
154,71,1. prop8-mean>0,0.5,0.02,QV,1000,0.951,9.602517502,9.570196212,4.030538325,5.686965469,0.572
155,71,1. prop8-mean>0,0.5,0.03,1p1v,1000,0.587,1.878622392,12.6318246,-2.65,8.102045615,0.587
157,71,1. prop8-mean>0,0.5,0.04,1p1v,1000,0.576,2.339564989,12.62256494,-2.9,8.565007844,0.576
156,71,1. prop8-mean>0,0.5,0.03,QV,1000,0.933,9.611914419,9.27235111,4.1356862,5.643948935,0.591
158,71,1. prop8-mean>0,0.5,0.04,QV,1000,0.926,9.613142565,8.809400433,4.110045182,5.324820426,0.587
159,71,1. prop8-mean>0,0.5,0.05,1p1v,1000,0.562,1.63262878,13.60742643,-2.86,8.318750002,0.562
161,71,1. prop8-mean>0,0.5,0.06,1p1v,1000,0.562,1.867765937,13.26493967,-2.998,8.190181627,0.562
160,71,1. prop8-mean>0,0.5,0.05,QV,1000,0.903,8.921263245,9.215152711,3.793735018,5.69597132,0.583
163,71,1. prop8-mean>0,0.5,0.07,1p1v,1000,0.592,2.090948769,12.76603559,-2.316,8.219958133,0.592
162,71,1. prop8-mean>0,0.5,0.06,QV,1000,0.896,8.930072082,9.007978235,3.62012556,5.600998426,0.549
165,71,1. prop8-mean>0,0.5,0.08,1p1v,1000,0.571,2.042478506,13.67326231,-2.976,8.277919301,0.571
164,71,1. prop8-mean>0,0.5,0.07,QV,1000,0.881,9.049327273,9.47138541,3.674183013,5.862132287,0.58
167,71,1. prop8-mean>0,0.5,0.083,1p1v,1000,0.573,1.537194311,12.75858769,-3.15,8.366809637,0.573
166,71,1. prop8-mean>0,0.5,0.08,QV,1000,0.88,9.571474051,9.786916252,4.477366476,6.434480117,0.575
169,81,1. prop8-mean>0,0.5,0,1p1v,1000,0.535,1.33314774,14.76978828,-3.69,9.098278886,0.535
168,71,1. prop8-mean>0,0.5,0.083,QV,1000,0.874,8.736026137,9.418945674,4.015878383,6.134903458,0.577
170,81,1. prop8-mean>0,0.5,0,QV,1000,1,10.74493061,9.298749767,4.561900854,5.447677614,0.563
171,81,1. prop8-mean>0,0.5,3.00E-04,1p1v,1000,0.562,1.791288413,14.11885412,-3.512,8.885989918,0.562
172,81,1. prop8-mean>0,0.5,3.00E-04,QV,1000,0.992,11.40004278,10.21154357,4.766237248,5.984702675,0.565
173,81,1. prop8-mean>0,0.5,0.001,1p1v,1000,0.555,1.201571651,13.94234722,-3.27,8.684614126,0.555
175,81,1. prop8-mean>0,0.5,0.01,1p1v,1000,0.535,0.918481814,14.47236714,-3.424,8.819183749,0.535
174,81,1. prop8-mean>0,0.5,0.001,QV,1000,0.986,10.37956692,9.574386473,4.370848554,5.56150377,0.549
176,81,1. prop8-mean>0,0.5,0.01,QV,1000,0.95,10.94399411,10.11725026,4.804413583,6.005927175,0.562
177,81,1. prop8-mean>0,0.5,0.02,1p1v,1000,0.537,1.283773473,13.52523872,-3.702,8.855145939,0.537
179,81,1. prop8-mean>0,0.5,0.03,1p1v,1000,0.555,1.504171286,14.25403377,-3.19,8.990702572,0.555
178,81,1. prop8-mean>0,0.5,0.02,QV,1000,0.962,10.58245968,9.732194984,4.472223503,5.893219327,0.585
181,81,1. prop8-mean>0,0.5,0.04,1p1v,1000,0.559,2.133630489,15.2211257,-3.008,9.170170556,0.559
180,81,1. prop8-mean>0,0.5,0.03,QV,1000,0.931,10.11285438,9.369430767,4.241965655,5.589296861,0.553
183,81,1. prop8-mean>0,0.5,0.05,1p1v,1000,0.575,1.978035487,14.40897595,-3.222,8.922910643,0.575
182,81,1. prop8-mean>0,0.5,0.04,QV,1000,0.916,10.35419949,9.838073254,4.551572624,6.047455405,0.565
184,81,1. prop8-mean>0,0.5,0.05,QV,1000,0.912,10.02488941,9.427075222,4.364365042,5.970588016,0.556
185,81,1. prop8-mean>0,0.5,0.06,1p1v,1000,0.561,1.716879276,13.62356948,-3.47,9.140823522,0.561
187,81,1. prop8-mean>0,0.5,0.07,1p1v,1000,0.56,1.958359334,14.30825181,-2.99,9.099379028,0.56
186,81,1. prop8-mean>0,0.5,0.06,QV,1000,0.891,10.29331142,9.865162412,4.81921024,6.074819904,0.552
189,81,1. prop8-mean>0,0.5,0.08,1p1v,1000,0.551,1.649443291,14.46792948,-2.92,9.087804366,0.551
188,81,1. prop8-mean>0,0.5,0.07,QV,1000,0.908,10.662134,10.31992315,4.685159187,6.341875235,0.554
190,81,1. prop8-mean>0,0.5,0.08,QV,1000,0.88,9.612909187,9.753779231,4.405065273,6.423708255,0.554
191,81,1. prop8-mean>0,0.5,0.083,1p1v,1000,0.559,1.74319899,14.79952648,-2.984,9.110144825,0.559
193,101,1. prop8-mean>0,0.5,0,1p1v,1000,0.523,1.546930286,16.97176451,-3.742,10.29365802,0.523
192,81,1. prop8-mean>0,0.5,0.083,QV,1000,0.864,9.774279443,10.40306717,4.33662829,6.504575875,0.563
194,101,1. prop8-mean>0,0.5,0,QV,1000,1,12.36805978,10.37230049,5.433540921,5.968562696,0.516
195,101,1. prop8-mean>0,0.5,3.00E-04,1p1v,1000,0.495,0.976193291,16.42522771,-4.496,10.14144136,0.495
196,101,1. prop8-mean>0,0.5,3.00E-04,QV,1000,0.998,12.77811022,10.27188724,5.447785694,6.11141761,0.512
197,101,1. prop8-mean>0,0.5,0.001,1p1v,1000,0.517,1.28928421,17.09182802,-3.382,9.885939905,0.517
199,101,1. prop8-mean>0,0.5,0.01,1p1v,1000,0.523,1.578333136,15.7971722,-4.138,9.9127806,0.523
198,101,1. prop8-mean>0,0.5,0.001,QV,1000,0.989,12.09468022,10.48895572,5.24408001,6.084938741,0.483
201,101,1. prop8-mean>0,0.5,0.02,1p1v,1000,0.515,1.029382917,16.64012556,-3.968,9.674532163,0.515
200,101,1. prop8-mean>0,0.5,0.01,QV,1000,0.967,13.38096617,11.62423718,5.91167297,6.665087964,0.504
203,101,1. prop8-mean>0,0.5,0.03,1p1v,1000,0.529,1.477267168,16.34975326,-4.1,9.990886738,0.529
202,101,1. prop8-mean>0,0.5,0.02,QV,1000,0.954,12.30448833,10.69242087,5.513182429,6.444680544,0.516
205,101,1. prop8-mean>0,0.5,0.04,1p1v,1000,0.497,0.823917581,16.41554065,-4.152,9.638973276,0.497
204,101,1. prop8-mean>0,0.5,0.03,QV,1000,0.934,12.1992643,11.082645,5.665446592,6.608257837,0.504
206,101,1. prop8-mean>0,0.5,0.04,QV,1000,0.926,12.57666162,11.24722083,5.644831883,6.858809141,0.511
207,101,1. prop8-mean>0,0.5,0.05,1p1v,1000,0.517,1.763592525,17.08712791,-3.7,10.22421315,0.517
209,101,1. prop8-mean>0,0.5,0.06,1p1v,1000,0.525,1.401862466,17.19508805,-3.812,10.19237659,0.525
208,101,1. prop8-mean>0,0.5,0.05,QV,1000,0.91,11.97443786,11.16207446,5.385771201,6.689968798,0.516
211,101,1. prop8-mean>0,0.5,0.07,1p1v,1000,0.495,0.739661663,16.16222827,-3.918,10.05775494,0.495
210,101,1. prop8-mean>0,0.5,0.06,QV,1000,0.9,12.08903343,12.2339861,5.633183054,7.114643247,0.512
213,101,1. prop8-mean>0,0.5,0.08,1p1v,1000,0.498,1.445108834,16.22787265,-4.1,9.818676408,0.498
212,101,1. prop8-mean>0,0.5,0.07,QV,1000,0.9,11.62848908,11.85827001,5.419196047,7.122209901,0.494
215,101,1. prop8-mean>0,0.5,0.083,1p1v,1000,0.537,1.601450654,16.74402219,-3.524,10.11631177,0.537
214,101,1. prop8-mean>0,0.5,0.08,QV,1000,0.887,11.66245904,11.85713674,5.401285093,7.339786404,0.518
216,101,1. prop8-mean>0,0.5,0.083,QV,1000,0.901,12.30970785,11.909279,5.845831692,6.994600286,0.512
217,201,1. prop8-mean>0,0.5,0,1p1v,1000,0.384,-3.781661985,28.35489818,-8.244,14.23766748,0.384
218,201,1. prop8-mean>0,0.5,0,QV,1000,1,23.1298774,16.53046158,11.09333232,8.88878629,0.37
219,201,1. prop8-mean>0,0.5,3.00E-04,1p1v,1000,0.388,-2.173177292,28.35915512,-7.26,14.15219717,0.388
220,201,1. prop8-mean>0,0.5,3.00E-04,QV,1000,0.994,22.70265533,16.25203434,10.91745195,8.733850397,0.375
221,201,1. prop8-mean>0,0.5,0.001,1p1v,1000,0.367,-3.511013405,29.04559472,-8.14,13.82705998,0.367
223,201,1. prop8-mean>0,0.5,0.01,1p1v,1000,0.368,-3.561347464,27.62655292,-8.69,14.53709831,0.368
222,201,1. prop8-mean>0,0.5,0.001,QV,1000,0.996,22.71949801,16.1401666,10.83649037,8.779913386,0.36
225,201,1. prop8-mean>0,0.5,0.02,1p1v,1000,0.354,-4.720140152,27.37141751,-8.512,14.22716656,0.354
224,201,1. prop8-mean>0,0.5,0.01,QV,1000,0.981,23.26788507,16.37446164,11.16340842,9.11776542,0.373
227,201,1. prop8-mean>0,0.5,0.03,1p1v,1000,0.352,-4.535602194,28.1492315,-8.566,13.44009971,0.352
226,201,1. prop8-mean>0,0.5,0.02,QV,1000,0.968,23.08636721,16.64992694,11.24825661,9.115535329,0.368
229,201,1. prop8-mean>0,0.5,0.04,1p1v,1000,0.379,-2.777325464,27.87699406,-8.09,14.46295534,0.379
228,201,1. prop8-mean>0,0.5,0.03,QV,1000,0.956,22.835778,16.6766418,11.02789828,9.4651818,0.369
230,201,1. prop8-mean>0,0.5,0.04,QV,1000,0.961,24.26750389,17.10437154,11.74126188,9.571965551,0.371
231,201,1. prop8-mean>0,0.5,0.05,1p1v,1000,0.384,-2.018311461,28.68380034,-7.124,14.28217787,0.384
233,201,1. prop8-mean>0,0.5,0.06,1p1v,1000,0.35,-4.59314614,29.2107324,-7.806,14.41395595,0.35
232,201,1. prop8-mean>0,0.5,0.05,QV,1000,0.947,22.85269875,16.91922037,11.14454595,9.704439667,0.368
234,201,1. prop8-mean>0,0.5,0.06,QV,1000,0.931,23.08415297,17.31576531,11.66568161,9.905162249,0.36
235,201,1. prop8-mean>0,0.5,0.07,1p1v,1000,0.351,-3.635690107,28.13763787,-8.638,14.47627433,0.351
237,201,1. prop8-mean>0,0.5,0.08,1p1v,1000,0.377,-2.644236062,28.20494986,-8.25,14.24234336,0.377
236,201,1. prop8-mean>0,0.5,0.07,QV,1000,0.944,23.95075708,17.6641476,11.64447986,10.13254401,0.389
238,201,1. prop8-mean>0,0.5,0.08,QV,1000,0.93,23.66563063,18.46257909,11.74699268,10.43827252,0.357
239,201,1. prop8-mean>0,0.5,0.083,1p1v,1000,0.374,-2.696701189,28.97353982,-7.65,13.95594025,0.374
240,201,1. prop8-mean>0,0.5,0.083,QV,1000,0.934,23.23150489,18.12637561,11.55277711,10.51443108,0.383
241,301,1. prop8-mean>0,0.5,0,1p1v,1000,0.281,-10.76982932,38.81601279,-11.592,17.3215927,0.281
242,301,1. prop8-mean>0,0.5,0,QV,1000,1,33.49807534,20.64654487,16.44820322,10.79661171,0.302
243,301,1. prop8-mean>0,0.5,3.00E-04,1p1v,1000,0.289,-10.24844252,37.82857085,-12.402,17.13721331,0.289
245,301,1. prop8-mean>0,0.5,0.001,1p1v,1000,0.301,-8.300223663,39.03022414,-12.268,18.00745525,0.301
244,301,1. prop8-mean>0,0.5,3.00E-04,QV,1000,0.999,32.65176318,20.0992351,16.04113952,10.492835,0.306
247,301,1. prop8-mean>0,0.5,0.01,1p1v,1000,0.279,-10.20761884,38.54897893,-11.466,16.92244702,0.279
246,301,1. prop8-mean>0,0.5,0.001,QV,1000,0.997,33.31124223,20.03382348,16.37242913,10.41140136,0.281
249,301,1. prop8-mean>0,0.5,0.02,1p1v,1000,0.279,-10.10081645,37.75928762,-12.092,17.2467094,0.279
248,301,1. prop8-mean>0,0.5,0.01,QV,1000,0.987,33.69400656,21.0075803,16.6819076,11.01723189,0.283
251,301,1. prop8-mean>0,0.5,0.03,1p1v,1000,0.279,-10.7060273,36.66324895,-12.294,16.79939832,0.279
250,301,1. prop8-mean>0,0.5,0.02,QV,1000,0.978,33.96137433,21.36386909,16.71140503,11.3675598,0.278
253,301,1. prop8-mean>0,0.5,0.04,1p1v,1000,0.282,-10.83160647,38.47800153,-12.172,17.44232355,0.282
252,301,1. prop8-mean>0,0.5,0.03,QV,1000,0.979,34.65020555,21.28891501,16.92619599,11.67133382,0.266
255,301,1. prop8-mean>0,0.5,0.05,1p1v,1000,0.3,-7.713588789,38.23506299,-11.922,17.72986927,0.3
254,301,1. prop8-mean>0,0.5,0.04,QV,1000,0.98,34.99597079,20.80114202,17.34176268,11.58071035,0.315
257,301,1. prop8-mean>0,0.5,0.06,1p1v,1000,0.277,-11.01298338,38.49811886,-11.798,16.84288808,0.277
256,301,1. prop8-mean>0,0.5,0.05,QV,1000,0.956,33.4252713,21.92317481,16.727078,11.97489577,0.281
259,301,1. prop8-mean>0,0.5,0.07,1p1v,1000,0.289,-9.944867561,39.02014454,-12.142,17.38856516,0.289
258,301,1. prop8-mean>0,0.5,0.06,QV,1000,0.957,33.66720733,22.0368267,16.57094448,12.12383957,0.276
261,301,1. prop8-mean>0,0.5,0.08,1p1v,1000,0.29,-9.804794156,38.62770939,-10.674,16.87431381,0.29
260,301,1. prop8-mean>0,0.5,0.07,QV,1000,0.959,33.5085962,21.689413,16.75471752,12.22192969,0.288
263,301,1. prop8-mean>0,0.5,0.083,1p1v,1000,0.271,-11.76366909,38.30893663,-12.71,16.98801026,0.271
262,301,1. prop8-mean>0,0.5,0.08,QV,1000,0.97,32.8383857,20.88604074,16.41936615,11.87281287,0.26
264,301,1. prop8-mean>0,0.5,0.083,QV,1000,0.943,31.84185386,22.00974185,16.07218169,12.34781014,0.271
265,401,1. prop8-mean>0,0.5,0,1p1v,1000,0.218,-20.4549839,46.49362594,-17.062,20.0539851,0.218
266,401,1. prop8-mean>0,0.5,0,QV,1000,1,44.48951726,24.69040035,22.14682724,12.52020961,0.231
267,401,1. prop8-mean>0,0.5,3.00E-04,1p1v,1000,0.245,-17.60875623,49.08627926,-15.226,20.22359805,0.245
269,401,1. prop8-mean>0,0.5,0.001,1p1v,1000,0.252,-17.16382008,49.06997499,-15.482,20.15683442,0.252
268,401,1. prop8-mean>0,0.5,3.00E-04,QV,1000,0.999,45.33007106,24.49281412,22.50361478,12.60256436,0.257
271,401,1. prop8-mean>0,0.5,0.01,1p1v,1000,0.228,-19.06367895,47.49353705,-15.276,19.43578076,0.228
270,401,1. prop8-mean>0,0.5,0.001,QV,1000,0.997,44.42807633,25.36005217,22.06140144,12.93471044,0.23
273,401,1. prop8-mean>0,0.5,0.02,1p1v,1000,0.225,-19.09596942,47.86294744,-16.522,20.04338428,0.225
272,401,1. prop8-mean>0,0.5,0.01,QV,1000,0.995,45.18834062,24.30703968,22.48494618,12.71783689,0.241
275,401,1. prop8-mean>0,0.5,0.03,1p1v,1000,0.211,-20.58631875,45.54958881,-17.578,20.24370825,0.211
274,401,1. prop8-mean>0,0.5,0.02,QV,1000,0.988,44.84012682,24.00281149,22.46286142,12.96971821,0.236
277,401,1. prop8-mean>0,0.5,0.04,1p1v,1000,0.251,-15.47678565,48.82959145,-14.628,19.70568268,0.251
276,401,1. prop8-mean>0,0.5,0.03,QV,1000,0.987,45.44174521,25.25855153,22.74018163,13.48796007,0.234
279,401,1. prop8-mean>0,0.5,0.05,1p1v,1000,0.233,-19.17055585,46.6779657,-16.466,19.53428863,0.233
278,401,1. prop8-mean>0,0.5,0.04,QV,1000,0.981,44.94903333,24.70596165,22.61724563,13.60875574,0.248
280,401,1. prop8-mean>0,0.5,0.05,QV,1000,0.979,44.3261712,24.798285,21.69849897,13.37410395,0.243
281,401,1. prop8-mean>0,0.5,0.06,1p1v,1000,0.239,-17.05796849,48.2178289,-15.96,20.02676887,0.239
283,401,1. prop8-mean>0,0.5,0.07,1p1v,1000,0.24,-17.96365732,48.28071363,-16.204,19.50966455,0.24
282,401,1. prop8-mean>0,0.5,0.06,QV,1000,0.978,44.1792295,25.04313039,22.62096344,14.01371243,0.231
285,401,1. prop8-mean>0,0.5,0.08,1p1v,1000,0.208,-21.9177655,46.45158442,-15.852,18.7059351,0.208
284,401,1. prop8-mean>0,0.5,0.07,QV,1000,0.97,44.43700851,25.43667392,22.496719,14.27872728,0.223
287,401,1. prop8-mean>0,0.5,0.083,1p1v,1000,0.235,-18.52467611,47.43000739,-15.526,19.82908259,0.235
286,401,1. prop8-mean>0,0.5,0.08,QV,1000,0.966,44.28511102,25.76122475,22.6118803,14.31641169,0.22
289,501,1. prop8-mean>0,0.5,0,1p1v,1000,0.197,-24.93297805,56.86894267,-20.104,22.49958701,0.197
288,401,1. prop8-mean>0,0.5,0.083,QV,1000,0.973,44.40734187,25.44969183,22.55021717,14.48037395,0.24
290,501,1. prop8-mean>0,0.5,0,QV,1000,1,56.31009672,27.61946089,28.09319241,13.93525837,0.207
291,501,1. prop8-mean>0,0.5,3.00E-04,1p1v,1000,0.19,-28.35997024,55.97846751,-20.528,22.73372029,0.19
293,501,1. prop8-mean>0,0.5,0.001,1p1v,1000,0.189,-27.92816287,53.87514727,-21.302,22.24427125,0.189
292,501,1. prop8-mean>0,0.5,3.00E-04,QV,1000,1,56.56953448,28.169537,28.23499899,14.23612647,0.198
295,501,1. prop8-mean>0,0.5,0.01,1p1v,1000,0.18,-29.04457293,54.79989775,-19.954,21.70061752,0.18
294,501,1. prop8-mean>0,0.5,0.001,QV,1000,1,57.12029384,28.03617931,28.49850509,14.31782925,0.185
297,501,1. prop8-mean>0,0.5,0.02,1p1v,1000,0.196,-27.33535952,56.06222009,-19.332,21.62973929,0.196
296,501,1. prop8-mean>0,0.5,0.01,QV,1000,1,56.31481002,26.90636305,28.19290109,13.74441737,0.186
299,501,1. prop8-mean>0,0.5,0.03,1p1v,1000,0.212,-25.30967487,57.813457,-19.124,22.74796901,0.212
298,501,1. prop8-mean>0,0.5,0.02,QV,1000,0.992,56.06182713,26.7050441,27.95459829,14.17027836,0.187
301,501,1. prop8-mean>0,0.5,0.04,1p1v,1000,0.174,-30.55320207,53.0949068,-21.104,22.04202883,0.174
300,501,1. prop8-mean>0,0.5,0.03,QV,1000,0.993,54.83876484,26.29739283,27.25266365,14.17593675,0.193
303,501,1. prop8-mean>0,0.5,0.05,1p1v,1000,0.198,-27.49799543,54.47273143,-18.74,21.99090721,0.198
302,501,1. prop8-mean>0,0.5,0.04,QV,1000,0.99,58.45154408,28.66887439,29.11012841,15.59003685,0.217
305,501,1. prop8-mean>0,0.5,0.06,1p1v,1000,0.206,-26.08483078,56.73428462,-19.202,23.06528134,0.206
304,501,1. prop8-mean>0,0.5,0.05,QV,1000,0.98,56.49489471,28.04765021,28.49241851,15.74014581,0.21
307,501,1. prop8-mean>0,0.5,0.07,1p1v,1000,0.202,-26.99672111,56.73543699,-20.012,22.71113497,0.202
306,501,1. prop8-mean>0,0.5,0.06,QV,1000,0.981,54.92981329,28.89039423,27.30871093,15.32953601,0.155
308,501,1. prop8-mean>0,0.5,0.07,QV,1000,0.982,56.21538218,29.13591978,28.22404432,16.0947711,0.192
309,501,1. prop8-mean>0,0.5,0.08,1p1v,1000,0.227,-22.96155445,57.86398414,-19.862,23.01770559,0.227
311,501,1. prop8-mean>0,0.5,0.083,1p1v,1000,0.18,-29.4299543,54.00896623,-21.346,22.35961172,0.18
310,501,1. prop8-mean>0,0.5,0.08,QV,1000,0.982,56.28970487,29.18320546,28.1412653,16.61023295,0.202
313,601,1. prop8-mean>0,0.5,0,1p1v,1000,0.185,-34.94157359,65.47319691,-22.598,24.49396559,0.185
312,501,1. prop8-mean>0,0.5,0.083,QV,1000,0.976,54.55360863,27.73634046,27.93898272,16.03484764,0.183
314,601,1. prop8-mean>0,0.5,0,QV,1000,1,67.63665661,30.61382195,33.79837138,15.35097052,0.185
315,601,1. prop8-mean>0,0.5,3.00E-04,1p1v,1000,0.177,-37.89951524,65.92394107,-22.83,24.83610138,0.177
317,601,1. prop8-mean>0,0.5,0.001,1p1v,1000,0.18,-35.54360932,63.72010293,-23.3,24.71017184,0.18
316,601,1. prop8-mean>0,0.5,3.00E-04,QV,1000,1,66.59155096,29.42631441,33.26806714,14.80065007,0.152
319,601,1. prop8-mean>0,0.5,0.01,1p1v,1000,0.154,-40.546741,61.19682992,-24.448,23.75077673,0.154
318,601,1. prop8-mean>0,0.5,0.001,QV,1000,0.999,66.76458784,30.22926165,33.33024941,15.19113989,0.147
321,601,1. prop8-mean>0,0.5,0.02,1p1v,1000,0.166,-40.12736781,62.14422816,-24.502,24.25828643,0.166
320,601,1. prop8-mean>0,0.5,0.01,QV,1000,0.999,67.78547526,30.56849176,33.85628809,15.58640648,0.19
322,601,1. prop8-mean>0,0.5,0.02,QV,1000,0.995,67.3951937,30.22933822,33.80605347,15.8561619,0.19
323,601,1. prop8-mean>0,0.5,0.03,1p1v,1000,0.157,-38.10059152,61.40447775,-24.934,23.92848128,0.157
325,601,1. prop8-mean>0,0.5,0.04,1p1v,1000,0.163,-38.82258035,62.87758582,-24.79,24.63978529,0.163
324,601,1. prop8-mean>0,0.5,0.03,QV,1000,0.993,66.14276634,29.30639393,32.82943725,15.61912465,0.166
326,601,1. prop8-mean>0,0.5,0.04,QV,1000,0.993,64.26678624,30.55393568,32.33318169,16.73923555,0.185
327,601,1. prop8-mean>0,0.5,0.05,1p1v,1000,0.186,-34.44192687,67.16486543,-23.264,25.05973452,0.186
329,601,1. prop8-mean>0,0.5,0.06,1p1v,1000,0.16,-39.96671669,62.06376332,-23.458,23.9429217,0.16
328,601,1. prop8-mean>0,0.5,0.05,QV,1000,0.992,67.58849401,30.60737636,33.6245399,16.75076517,0.178
331,601,1. prop8-mean>0,0.5,0.07,1p1v,1000,0.176,-37.37409087,64.47611534,-23.492,23.94851702,0.176
330,601,1. prop8-mean>0,0.5,0.06,QV,1000,0.991,65.58019889,30.24606253,33.01843712,16.99667234,0.155
333,601,1. prop8-mean>0,0.5,0.08,1p1v,1000,0.161,-39.56238285,62.33082156,-24.76,24.18841623,0.161
332,601,1. prop8-mean>0,0.5,0.07,QV,1000,0.983,66.05090428,31.49469615,33.22278908,17.34227601,0.168
335,601,1. prop8-mean>0,0.5,0.083,1p1v,1000,0.166,-38.78312212,63.41345951,-23.734,23.39907607,0.166
334,601,1. prop8-mean>0,0.5,0.08,QV,1000,0.984,65.99512313,31.2202985,33.09776577,17.51596245,0.17
336,601,1. prop8-mean>0,0.5,0.083,QV,1000,0.984,68.0929733,32.76852138,34.47990659,18.4401737,0.158
337,701,1. prop8-mean>0,0.5,0,1p1v,1000,0.154,-47.49519749,71.04443498,-27.59,26.00469466,0.154
338,701,1. prop8-mean>0,0.5,0,QV,1000,1,77.97554972,32.54702347,38.95387437,16.35457394,0.154
339,701,1. prop8-mean>0,0.5,3.00E-04,1p1v,1000,0.173,-44.05848334,73.55678599,-26.618,26.87311371,0.173
341,701,1. prop8-mean>0,0.5,0.001,1p1v,1000,0.147,-48.88681605,69.9228684,-28.144,26.44962848,0.147
340,701,1. prop8-mean>0,0.5,3.00E-04,QV,1000,0.998,77.38282283,33.18214746,38.66922029,16.68109252,0.141
343,701,1. prop8-mean>0,0.5,0.01,1p1v,1000,0.16,-45.90402239,70.95780368,-27.094,26.40750879,0.16
342,701,1. prop8-mean>0,0.5,0.001,QV,1000,0.998,79.20398146,32.64824619,39.62393274,16.36725096,0.171
345,701,1. prop8-mean>0,0.5,0.02,1p1v,1000,0.129,-51.5585406,64.75363489,-28.626,25.56587056,0.129
344,701,1. prop8-mean>0,0.5,0.01,QV,1000,0.998,77.24520535,32.93057311,38.55684693,16.94581606,0.174
347,701,1. prop8-mean>0,0.5,0.03,1p1v,1000,0.151,-48.73357354,71.03582234,-26.516,25.89742112,0.151
346,701,1. prop8-mean>0,0.5,0.02,QV,1000,0.998,77.26295667,32.97687804,38.39961821,17.10693567,0.158
349,701,1. prop8-mean>0,0.5,0.04,1p1v,1000,0.175,-43.82801463,74.23354687,-26.91,27.11270918,0.175
348,701,1. prop8-mean>0,0.5,0.03,QV,1000,0.994,77.08202173,33.58686352,38.31784842,17.77292739,0.157
351,701,1. prop8-mean>0,0.5,0.05,1p1v,1000,0.125,-52.25389394,65.28967738,-29.304,25.68936604,0.125
350,701,1. prop8-mean>0,0.5,0.04,QV,1000,0.994,77.95119491,33.53553744,38.8251262,17.97003428,0.164
353,701,1. prop8-mean>0,0.5,0.06,1p1v,1000,0.138,-49.31866726,68.89979567,-28.66,25.91949498,0.138
352,701,1. prop8-mean>0,0.5,0.05,QV,1000,0.998,79.04183283,31.88343124,39.64323253,18.08942634,0.153
355,701,1. prop8-mean>0,0.5,0.07,1p1v,1000,0.152,-45.48528825,70.43123546,-28.74,26.19485771,0.152
354,701,1. prop8-mean>0,0.5,0.06,QV,1000,0.991,76.96165828,32.71324036,38.52423886,17.90079598,0.142
357,701,1. prop8-mean>0,0.5,0.08,1p1v,1000,0.129,-51.12681883,68.72405718,-29.282,25.83842294,0.129
356,701,1. prop8-mean>0,0.5,0.07,QV,1000,0.994,79.6812315,32.98292589,39.98629956,18.86044043,0.137
359,701,1. prop8-mean>0,0.5,0.083,1p1v,1000,0.141,-49.77310517,70.54023068,-27.01,26.00646528,0.141
358,701,1. prop8-mean>0,0.5,0.08,QV,1000,0.994,80.29318639,33.08940682,40.38279557,18.55336471,0.149
360,701,1. prop8-mean>0,0.5,0.083,QV,1000,0.992,79.80590454,33.82402831,40.44561879,19.54803787,0.166
361,801,1. prop8-mean>0,0.5,0,1p1v,1000,0.112,-63.37414582,71.733281,-32.598,26.8780361,0.112
362,801,1. prop8-mean>0,0.5,0,QV,1000,1,90.54496406,36.03222345,45.20856191,18.17607302,0.132
363,801,1. prop8-mean>0,0.5,3.00E-04,1p1v,1000,0.112,-64.60842979,72.18851922,-32.838,27.68769337,0.112
365,801,1. prop8-mean>0,0.5,0.001,1p1v,1000,0.13,-60.1014445,77.02593686,-32.258,28.70242612,0.13
364,801,1. prop8-mean>0,0.5,3.00E-04,QV,1000,1,89.48134889,35.79587232,44.68532907,17.96070034,0.141
367,801,1. prop8-mean>0,0.5,0.01,1p1v,1000,0.131,-57.40103991,75.54480135,-30.824,27.26169885,0.131
366,801,1. prop8-mean>0,0.5,0.001,QV,1000,1,88.35368257,34.91751281,44.18735551,17.5517239,0.132
369,801,1. prop8-mean>0,0.5,0.02,1p1v,1000,0.147,-55.82395314,78.83368626,-30.864,27.98779771,0.147
368,801,1. prop8-mean>0,0.5,0.01,QV,1000,1,90.99055866,35.94123709,45.55093016,18.37060737,0.135
371,801,1. prop8-mean>0,0.5,0.03,1p1v,1000,0.132,-58.5317849,76.58866742,-31.428,28.22065239,0.132
370,801,1. prop8-mean>0,0.5,0.02,QV,1000,1,88.73868079,35.57677615,44.35089884,18.38642375,0.126
373,801,1. prop8-mean>0,0.5,0.04,1p1v,1000,0.115,-61.92538756,73.29280382,-33.38,28.13281101,0.115
372,801,1. prop8-mean>0,0.5,0.03,QV,1000,0.993,88.34533878,35.32853589,44.13425179,18.63141536,0.143
375,801,1. prop8-mean>0,0.5,0.05,1p1v,1000,0.132,-58.00934105,76.22991844,-32.356,27.78238876,0.132
374,801,1. prop8-mean>0,0.5,0.04,QV,1000,0.997,88.34107752,35.76739184,44.43425316,19.22684021,0.136
377,801,1. prop8-mean>0,0.5,0.06,1p1v,1000,0.146,-55.11563232,79.69963238,-31.084,29.07421975,0.146
376,801,1. prop8-mean>0,0.5,0.05,QV,1000,0.998,89.31416103,35.28236446,44.59913105,18.92705759,0.142
379,801,1. prop8-mean>0,0.5,0.07,1p1v,1000,0.119,-60.04950688,73.8470408,-33.768,28.4143899,0.119
378,801,1. prop8-mean>0,0.5,0.06,QV,1000,0.993,89.49233942,35.14850925,45.34088301,18.98875644,0.15
381,801,1. prop8-mean>0,0.5,0.08,1p1v,1000,0.136,-57.4646721,77.08740924,-32.542,28.48672901,0.136
380,801,1. prop8-mean>0,0.5,0.07,QV,1000,0.994,88.94533327,35.0242769,44.70226937,20.42004233,0.138
383,801,1. prop8-mean>0,0.5,0.083,1p1v,1000,0.147,-54.88076754,79.28221712,-31.52,29.26065252,0.147
382,801,1. prop8-mean>0,0.5,0.08,QV,1000,0.995,90.96446323,34.4421112,45.67963706,19.60524476,0.133
384,801,1. prop8-mean>0,0.5,0.083,QV,1000,1,88.37920424,36.16974602,44.30088556,20.35271572,0.142
385,901,1. prop8-mean>0,0.5,0,1p1v,1000,0.109,-70.255797,80.6187387,-36.522,31.3492311,0.109
386,901,1. prop8-mean>0,0.5,0,QV,1000,1,96.17128086,37.00274389,48.08178947,18.51138761,0.104
387,901,1. prop8-mean>0,0.5,3.00E-04,1p1v,1000,0.092,-74.85849106,75.11644617,-37.592,28.31316251,0.092
389,901,1. prop8-mean>0,0.5,0.001,1p1v,1000,0.12,-67.69555528,79.83336245,-36.47,29.90520726,0.12
388,901,1. prop8-mean>0,0.5,3.00E-04,QV,1000,1,101.3857386,37.59919627,50.7024919,18.9425619,0.115
391,901,1. prop8-mean>0,0.5,0.01,1p1v,1000,0.115,-72.13610287,82.78210008,-35.132,29.12261497,0.115
390,901,1. prop8-mean>0,0.5,0.001,QV,1000,1,102.4864961,37.35459577,51.27037028,18.74081834,0.13
393,901,1. prop8-mean>0,0.5,0.02,1p1v,1000,0.127,-69.24748551,84.10110379,-34.43,29.75359434,0.127
392,901,1. prop8-mean>0,0.5,0.01,QV,1000,1,102.2671147,38.86981021,51.24231607,20.05749598,0.117
395,901,1. prop8-mean>0,0.5,0.03,1p1v,1000,0.11,-69.78332557,79.17553804,-36.844,30.92047444,0.11
394,901,1. prop8-mean>0,0.5,0.02,QV,1000,0.998,100.0120674,38.45602972,50.12194507,19.83447565,0.114
397,901,1. prop8-mean>0,0.5,0.04,1p1v,1000,0.124,-68.19115018,83.27367934,-35.198,30.42582006,0.124
396,901,1. prop8-mean>0,0.5,0.03,QV,1000,1,99.73910129,37.05432421,49.85406303,19.62791245,0.116
399,901,1. prop8-mean>0,0.5,0.05,1p1v,1000,0.113,-70.40281814,79.74820658,-36.68,29.95949217,0.113
398,901,1. prop8-mean>0,0.5,0.04,QV,1000,0.996,100.7426524,37.39424987,50.34401622,19.86425512,0.104
401,901,1. prop8-mean>0,0.5,0.06,1p1v,1000,0.132,-67.91065967,83.61270333,-34.024,29.98737512,0.132
400,901,1. prop8-mean>0,0.5,0.05,QV,1000,0.998,101.1347558,38.43066037,50.19911156,20.78317097,0.129
403,901,1. prop8-mean>0,0.5,0.07,1p1v,1000,0.126,-69.0916012,81.9340802,-36.144,31.07076852,0.126
402,901,1. prop8-mean>0,0.5,0.06,QV,1000,0.999,98.73466953,36.96747612,49.738269,20.61087867,0.127
405,901,1. prop8-mean>0,0.5,0.08,1p1v,1000,0.122,-66.41465918,85.15335691,-35.742,29.46009731,0.122
404,901,1. prop8-mean>0,0.5,0.07,QV,1000,1,99.61228244,36.70327992,49.71738226,21.45111334,0.094
407,901,1. prop8-mean>0,0.5,0.083,1p1v,1000,0.116,-69.55960559,80.56141059,-35.808,29.43490359,0.116
406,901,1. prop8-mean>0,0.5,0.08,QV,1000,0.999,100.2777834,37.58927247,50.46927397,21.12600012,0.102
408,901,1. prop8-mean>0,0.5,0.083,QV,1000,0.995,101.8557902,38.22492736,51.49284568,21.51032029,0.12
409,1001,1. prop8-mean>0,0.5,0,1p1v,1000,0.095,-82.71861292,84.14811686,-40.966,31.91622612,0.095
410,1001,1. prop8-mean>0,0.5,0,QV,1000,1,110.7350132,39.1290086,55.36636609,19.56773492,0.094
411,1001,1. prop8-mean>0,0.5,3.00E-04,1p1v,1000,0.105,-81.67591218,85.89693667,-39.786,32.10384495,0.105
413,1001,1. prop8-mean>0,0.5,0.001,1p1v,1000,0.115,-77.22106251,89.23941267,-41.008,33.48195002,0.115
412,1001,1. prop8-mean>0,0.5,3.00E-04,QV,1000,1,112.1034536,39.03998033,56.0300071,19.58645202,0.105
415,1001,1. prop8-mean>0,0.5,0.01,1p1v,1000,0.092,-85.0656592,83.27911813,-41.694,31.16198699,0.092
414,1001,1. prop8-mean>0,0.5,0.001,QV,1000,1,112.5305296,40.3271719,56.24783882,20.19258881,0.11
417,1001,1. prop8-mean>0,0.5,0.02,1p1v,1000,0.096,-82.82771644,84.06530101,-40.538,30.81071008,0.096
416,1001,1. prop8-mean>0,0.5,0.01,QV,1000,1,112.9721362,40.9925027,56.44264502,20.87662694,0.117
419,1001,1. prop8-mean>0,0.5,0.03,1p1v,1000,0.101,-80.18296113,85.54220713,-40.316,31.92427451,0.101
418,1001,1. prop8-mean>0,0.5,0.02,QV,1000,1,112.3331374,39.34774149,56.00219142,20.38710515,0.105
421,1001,1. prop8-mean>0,0.5,0.04,1p1v,1000,0.112,-80.59891159,88.15262419,-40.57,32.36520673,0.112
420,1001,1. prop8-mean>0,0.5,0.03,QV,1000,0.997,111.188966,40.30192868,55.67268444,21.25515301,0.109
423,1001,1. prop8-mean>0,0.5,0.05,1p1v,1000,0.104,-81.22874267,86.70647581,-39.54,31.16420395,0.104
422,1001,1. prop8-mean>0,0.5,0.04,QV,1000,0.998,114.9404743,40.68288407,57.04572777,21.71199634,0.11
425,1001,1. prop8-mean>0,0.5,0.06,1p1v,1000,0.115,-78.60553449,88.03453739,-39.308,30.44167919,0.115
424,1001,1. prop8-mean>0,0.5,0.05,QV,1000,1,115.2069259,40.1133046,57.45138572,21.48026927,0.105
427,1001,1. prop8-mean>0,0.5,0.07,1p1v,1000,0.128,-75.50236837,93.78770713,-39.178,32.94883825,0.128
426,1001,1. prop8-mean>0,0.5,0.06,QV,1000,0.998,111.5973248,38.96638713,56.11023356,21.94529391,0.114
429,1001,1. prop8-mean>0,0.5,0.08,1p1v,1000,0.1,-81.95798002,85.48398309,-40.638,31.34107878,0.1
428,1001,1. prop8-mean>0,0.5,0.07,QV,1000,0.997,111.3965098,40.34890106,55.51643089,22.53524245,0.101
431,1001,1. prop8-mean>0,0.5,0.083,1p1v,1000,0.112,-77.67426243,86.64170926,-39.274,32.50097287,0.112
430,1001,1. prop8-mean>0,0.5,0.08,QV,1000,1,112.7944958,38.21018296,56.4610306,21.44921732,0.104
432,1001,1. prop8-mean>0,0.5,0.083,QV,1000,0.997,109.7700515,41.52169189,55.81126576,24.05659597,0.098
433,5001,1. prop8-mean>0,0.5,0,1p1v,1000,0.001,-558.3068556,93.78773275,-197.698,70.10306153,0.001
434,5001,1. prop8-mean>0,0.5,0,QV,1000,1,554.86888,86.40107682,277.43444,43.20053841,0.004
435,5001,1. prop8-mean>0,0.5,3.00E-04,1p1v,1000,0.002,-555.9650286,103.7230507,-197.546,71.95222726,0.002
436,5001,1. prop8-mean>0,0.5,3.00E-04,QV,1000,1,553.7432413,88.78646601,276.8616949,44.39107386,0.002
437,5001,1. prop8-mean>0,0.5,0.001,1p1v,1000,0.001,-556.6343772,92.66198138,-198.8,70.88554691,0.001
438,5001,1. prop8-mean>0,0.5,0.001,QV,1000,1,558.2015382,84.73976523,278.9380948,42.4932904,0
439,5001,1. prop8-mean>0,0.5,0.01,1p1v,1000,0.001,-553.2514038,95.3513009,-200.262,72.82985338,0.001
440,5001,1. prop8-mean>0,0.5,0.01,QV,1000,1,558.497462,85.67292278,279.4514377,43.46331102,0.005
441,5001,1. prop8-mean>0,0.5,0.02,1p1v,1000,0.001,-554.6459891,96.53151565,-204.488,70.43273832,0.001
443,5001,1. prop8-mean>0,0.5,0.03,1p1v,1000,0.007,-545.640626,140.6510358,-197.476,73.66953661,0.007
442,5001,1. prop8-mean>0,0.5,0.02,QV,1000,1,556.2262991,87.72827591,278.0490744,46.23583996,0.002
445,5001,1. prop8-mean>0,0.5,0.04,1p1v,1000,0.002,-555.8413462,107.6086055,-201.998,71.30411119,0.002
444,5001,1. prop8-mean>0,0.5,0.03,QV,1000,1,557.6451478,89.32280223,278.2280062,46.93547707,0.001
447,5001,1. prop8-mean>0,0.5,0.05,1p1v,1000,0.003,-555.2834819,118.3795996,-199.35,75.19031243,0.003
446,5001,1. prop8-mean>0,0.5,0.04,QV,1000,1,559.0136831,88.40668133,279.2550393,46.90908435,0.003
449,5001,1. prop8-mean>0,0.5,0.06,1p1v,1000,0.003,-554.1725054,111.1060604,-199.994,70.67397523,0.003
448,5001,1. prop8-mean>0,0.5,0.05,QV,1000,1,560.8169829,88.21515183,279.9055275,48.49777221,0.003
451,5001,1. prop8-mean>0,0.5,0.07,1p1v,1000,0.004,-547.4543556,117.3153592,-203.826,69.42902933,0.004
450,5001,1. prop8-mean>0,0.5,0.06,QV,1000,1,550.9841041,88.37828816,275.89267,48.32499933,0.001
453,5001,1. prop8-mean>0,0.5,0.08,1p1v,1000,0.002,-552.0729549,103.2315597,-201.314,71.03097073,0.002
452,5001,1. prop8-mean>0,0.5,0.07,QV,1000,1,554.2262934,86.67614268,276.8084476,50.18701918,0
455,5001,1. prop8-mean>0,0.5,0.083,1p1v,1000,0.001,-557.3268088,97.79412799,-200.952,70.21754909,0.001
454,5001,1. prop8-mean>0,0.5,0.08,QV,1000,1,557.7082278,88.60530503,278.3610432,51.25227652,0.001
456,5001,1. prop8-mean>0,0.5,0.083,QV,1000,1,559.1570314,85.36686544,280.3777917,51.20790572,0.001
457,10001,1. prop8-mean>0,0.5,0,1p1v,1000,0,-1114.52688,130.1315394,-401.87,101.3557699,0
458,10001,1. prop8-mean>0,0.5,0,QV,1000,1,1111.871442,127.340989,555.9357209,63.67049449,0
459,10001,1. prop8-mean>0,0.5,3.00E-04,1p1v,1000,0,-1106.850937,124.549711,-398.768,100.7859911,0
460,10001,1. prop8-mean>0,0.5,3.00E-04,QV,1000,1,1114.745781,126.0358977,557.4714042,63.04490641,0
461,10001,1. prop8-mean>0,0.5,0.001,1p1v,1000,0,-1110.997552,124.4764747,-399.572,99.85539503,0
462,10001,1. prop8-mean>0,0.5,0.001,QV,1000,1,1116.324357,127.327993,558.0080535,63.70582044,0
463,10001,1. prop8-mean>0,0.5,0.01,1p1v,1000,0,-1115.969475,125.2087322,-399.02,97.15533315,0
465,10001,1. prop8-mean>0,0.5,0.02,1p1v,1000,0,-1115.815643,120.7863036,-391.306,97.0266589,0
464,10001,1. prop8-mean>0,0.5,0.01,QV,1000,1,1116.785898,126.8125237,558.1649759,64.84789465,0
467,10001,1. prop8-mean>0,0.5,0.03,1p1v,1000,0,-1118.885817,122.620809,-393.138,98.95385198,0
466,10001,1. prop8-mean>0,0.5,0.02,QV,1000,1,1115.407988,120.5648512,557.8194362,62.67680855,0
469,10001,1. prop8-mean>0,0.5,0.04,1p1v,1000,0,-1110.277199,121.8145199,-401.992,101.3763143,0
468,10001,1. prop8-mean>0,0.5,0.03,QV,1000,1,1108.874961,121.6364682,553.899115,64.65380799,0
471,10001,1. prop8-mean>0,0.5,0.05,1p1v,1000,0,-1112.266032,125.1071353,-401.042,98.83356874,0
470,10001,1. prop8-mean>0,0.5,0.04,QV,1000,1,1113.653942,124.7107583,556.055642,67.21811469,0
473,10001,1. prop8-mean>0,0.5,0.06,1p1v,1000,0,-1118.662345,128.8436258,-392.65,103.8518691,0
472,10001,1. prop8-mean>0,0.5,0.05,QV,1000,1,1104.815133,125.2803271,553.1265516,71.05169146,0
475,10001,1. prop8-mean>0,0.5,0.07,1p1v,1000,0,-1107.036521,120.1652072,-403.912,99.93347265,0
474,10001,1. prop8-mean>0,0.5,0.06,QV,1000,1,1119.392252,124.2818148,560.7757655,68.65081828,0
477,10001,1. prop8-mean>0,0.5,0.08,1p1v,1000,0,-1114.812286,125.8371936,-402.276,102.0395212,0
476,10001,1. prop8-mean>0,0.5,0.07,QV,1000,1,1114.335841,131.1046215,556.3409479,73.16949927,0
478,10001,1. prop8-mean>0,0.5,0.08,QV,1000,1,1115.255891,126.6251817,556.4666114,70.80286282,0
479,10001,1. prop8-mean>0,0.5,0.083,1p1v,1000,0,-1115.577819,123.8954111,-401.398,102.8886761,0
480,10001,1. prop8-mean>0,0.5,0.083,QV,1000,1,1110.265019,127.9523903,554.134769,73.09918256,0